<?xml version="1.0" encoding="UTF-8"?>
<project-private xmlns="http://www.netbeans.org/ns/project-private/1">
    <editor-bookmarks xmlns="http://www.netbeans.org/ns/editor-bookmarks/2" lastBookmarkId="0"/>
    <open-files xmlns="http://www.netbeans.org/ns/projectui-open-files/2">
        <group>
            <file>file:/C:/Users/laboratorio/Desktop/Nova%20pasta/Projeto/Projeto/src/projeto/Cadastro.java</file>
            <file>file:/C:/Users/laboratorio/Desktop/Nova%20pasta/Projeto/Projeto/src/DAO/PessoaDAO.java</file>
            <file>file:/C:/Users/laboratorio/Desktop/Nova%20pasta/Projeto/Projeto/src/projeto/Conexao.java</file>
            <file>file:/C:/Users/laboratorio/Desktop/Nova%20pasta/Projeto/Projeto/src/projeto/Veiculo.java</file>
            <file>file:/C:/Users/laboratorio/Desktop/Nova%20pasta/Projeto/Projeto/src/projeto/RelatorioVeiculos.java</file>
            <file>file:/C:/Users/laboratorio/Desktop/Nova%20pasta/Projeto/Projeto/src/projeto/Professor.java</file>
            <file>file:/C:/Users/laboratorio/Desktop/Nova%20pasta/Projeto/Projeto/src/projeto/CadastroVeiculo.java</file>
            <file>file:/C:/Users/laboratorio/Desktop/Nova%20pasta/Projeto/Projeto/src/DAO/VeiculoDAO.java</file>
            <file>file:/C:/Users/laboratorio/Desktop/Nova%20pasta/Projeto/Projeto/src/projeto/Pessoa.java</file>
        </group>
    </open-files>
</project-private>
