<?xml version="1.0" encoding="UTF-8"?>
<project-private xmlns="http://www.netbeans.org/ns/project-private/1">
    <editor-bookmarks xmlns="http://www.netbeans.org/ns/editor-bookmarks/2" lastBookmarkId="0"/>
    <open-files xmlns="http://www.netbeans.org/ns/projectui-open-files/2">
        <group>
            <file>file:/C:/Users/berna/Documents/NetBeansProjects/Projeto/src/DAO/ProfessorDAO.java</file>
            <file>file:/C:/Users/berna/Documents/NetBeansProjects/Projeto/src/projeto/Professor.java</file>
            <file>file:/C:/Users/berna/Documents/NetBeansProjects/Projeto/src/projeto/Projeto.java</file>
            <file>file:/C:/Users/berna/Documents/NetBeansProjects/Projeto/src/projeto/Conexao.java</file>
            <file>file:/C:/Users/berna/Documents/NetBeansProjects/Projeto/src/projeto/Pessoa.java</file>
            <file>file:/C:/Users/berna/Documents/NetBeansProjects/Projeto/src/newpackage/TesteConexao.java</file>
            <file>file:/C:/Users/berna/Documents/NetBeansProjects/Projeto/src/DAO/PessoaDAO.java</file>
            <file>file:/C:/Users/berna/Documents/NetBeansProjects/Projeto/src/projeto/NewJFrame.java</file>
        </group>
    </open-files>
</project-private>
