<?xml version="1.0" encoding="UTF-8"?>
<project-private xmlns="http://www.netbeans.org/ns/project-private/1">
    <editor-bookmarks xmlns="http://www.netbeans.org/ns/editor-bookmarks/2" lastBookmarkId="0"/>
    <open-files xmlns="http://www.netbeans.org/ns/projectui-open-files/2">
        <group>
            <file>file:/C:/Users/berna/Documents/NetBeansProjects/Trabalho2/src/trabalho2/ListarDisciplinas.java</file>
            <file>file:/C:/Users/berna/Documents/NetBeansProjects/Trabalho2/src/trabalho2/Disciplinas.java</file>
            <file>file:/C:/Users/berna/Documents/NetBeansProjects/Trabalho2/src/trabalho2/EditarProfessores.java</file>
            <file>file:/C:/Users/berna/Documents/NetBeansProjects/Trabalho2/src/trabalho2/CadastrarProfessores.java</file>
            <file>file:/C:/Users/berna/Documents/NetBeansProjects/Trabalho2/src/DAO/DisciplinasDAO.java</file>
            <file>file:/C:/Users/berna/Documents/NetBeansProjects/Trabalho2/src/trabalho2/Conexao.java</file>
            <file>file:/C:/Users/berna/Documents/NetBeansProjects/Trabalho2/src/trabalho2/Professores.java</file>
            <file>file:/C:/Users/berna/Documents/NetBeansProjects/Trabalho2/src/trabalho2/Principal.java</file>
            <file>file:/C:/Users/berna/Documents/NetBeansProjects/Trabalho2/src/trabalho2/ListarProfessores.java</file>
            <file>file:/C:/Users/berna/Documents/NetBeansProjects/Trabalho2/src/DAO/ProfessoresDAO.java</file>
            <file>file:/C:/Users/berna/Documents/NetBeansProjects/Trabalho2/src/trabalho2/EditarDisciplinas.java</file>
            <file>file:/C:/Users/berna/Documents/NetBeansProjects/Trabalho2/src/trabalho2/CadastrarDisciplinas.java</file>
        </group>
    </open-files>
</project-private>
